election_id,scenario_id,release_config,panel_id
leg_1962_r1,H0A,config/releases/v1.0.2.json,longitudinal_2000_v1__strict_nested_3000__seed_20260803
leg_1967_r1,H0A,config/releases/v1.0.2.json,longitudinal_2000_v1__strict_nested_3000__seed_20260803
leg_1968_r1,H0A,config/releases/v1.0.2.json,longitudinal_2000_v1__strict_nested_3000__seed_20260803
leg_1973_r1,H0A,config/releases/v1.0.2.json,longitudinal_2000_v1__strict_nested_3000__seed_20260803
leg_1978_r1,H0A,config/releases/v1.0.2.json,longitudinal_2000_v1__strict_nested_3000__seed_20260803
leg_1981_r1,H0A,config/releases/v1.0.2.json,longitudinal_2000_v1__strict_nested_3000__seed_20260803
leg_1986_r1,H0A,config/releases/v1.0.2.json,longitudinal_2000_v1__strict_nested_3000__seed_20260803
leg_1988_r1,H0A,config/releases/v1.0.2.json,longitudinal_2000_v1__strict_nested_3000__seed_20260803
leg_1993_r1,H0A,config/releases/v1.0.2.json,longitudinal_2000_v1__strict_nested_3000__seed_20260803
leg_1997_r1,H0A,config/releases/v1.0.2.json,longitudinal_2000_v1__strict_nested_3000__seed_20260803
leg_2002_r1,H0A,config/releases/v1.0.2.json,longitudinal_2000_v1__strict_nested_3000__seed_20260803
leg_2007_r1,H0A,config/releases/v1.0.2.json,longitudinal_2000_v1__strict_nested_3000__seed_20260803
leg_2012_r1,H0A,config/releases/v1.0.2.json,longitudinal_2000_v1__strict_nested_3000__seed_20260803
leg_2017_r1,H0A,config/releases/v1.0.2.json,longitudinal_2000_v1__strict_nested_3000__seed_20260803
leg_2022_r1,H0A,config/releases/v1.0.2.json,longitudinal_2000_v1__strict_nested_3000__seed_20260803
pre_1965_r1,H0A,config/releases/v1.0.2.json,longitudinal_2000_v1__strict_nested_3000__seed_20260803
pre_1969_r1,H0A,config/releases/v1.0.2.json,longitudinal_2000_v1__strict_nested_3000__seed_20260803
pre_1974_r1,H0A,config/releases/v1.0.2.json,longitudinal_2000_v1__strict_nested_3000__seed_20260803
pre_1981_r1,H0A,config/releases/v1.0.2.json,longitudinal_2000_v1__strict_nested_3000__seed_20260803
pre_1988_r1,H0A,config/releases/v1.0.2.json,longitudinal_2000_v1__strict_nested_3000__seed_20260803
pre_1995_r1,H0A,config/releases/v1.0.2.json,longitudinal_2000_v1__strict_nested_3000__seed_20260803
pre_2002_r1,H0A,config/releases/v1.0.2.json,longitudinal_2000_v1__strict_nested_3000__seed_20260803
pre_2007_r1,H0A,config/releases/v1.0.2.json,longitudinal_2000_v1__strict_nested_3000__seed_20260803
pre_2012_r1,H0A,config/releases/v1.0.2.json,longitudinal_2000_v1__strict_nested_3000__seed_20260803
pre_2017_r1,H0A,config/releases/v1.0.2.json,longitudinal_2000_v1__strict_nested_3000__seed_20260803
pre_2022_r1,H0A,config/releases/v1.0.2.json,longitudinal_2000_v1__strict_nested_3000__seed_20260803
leg_1962_r1,H0B,config/releases/v1.3_pymc_h0b_h0c.json,longitudinal_2000_v1__strict_nested_3000__seed_20260803
leg_1967_r1,H0B,config/releases/v1.3_pymc_h0b_h0c.json,longitudinal_2000_v1__strict_nested_3000__seed_20260803
leg_1968_r1,H0B,config/releases/v1.3_pymc_h0b_h0c.json,longitudinal_2000_v1__strict_nested_3000__seed_20260803
leg_1973_r1,H0B,config/releases/v1.3_pymc_h0b_h0c.json,longitudinal_2000_v1__strict_nested_3000__seed_20260803
leg_1978_r1,H0B,config/releases/v1.3_pymc_h0b_h0c.json,longitudinal_2000_v1__strict_nested_3000__seed_20260803
leg_1981_r1,H0B,config/releases/v1.3_pymc_h0b_h0c.json,longitudinal_2000_v1__strict_nested_3000__seed_20260803
leg_1986_r1,H0B,config/releases/v1.3_pymc_h0b_h0c.json,longitudinal_2000_v1__strict_nested_3000__seed_20260803
leg_1988_r1,H0B,config/releases/v1.3_pymc_h0b_h0c.json,longitudinal_2000_v1__strict_nested_3000__seed_20260803
leg_1993_r1,H0B,config/releases/v1.3_pymc_h0b_h0c.json,longitudinal_2000_v1__strict_nested_3000__seed_20260803
leg_1997_r1,H0B,config/releases/v1.3_pymc_h0b_h0c.json,longitudinal_2000_v1__strict_nested_3000__seed_20260803
leg_2002_r1,H0B,config/releases/v1.3_pymc_h0b_h0c.json,longitudinal_2000_v1__strict_nested_3000__seed_20260803
leg_2007_r1,H0B,config/releases/v1.3_pymc_h0b_h0c.json,longitudinal_2000_v1__strict_nested_3000__seed_20260803
leg_2012_r1,H0B,config/releases/v1.3_pymc_h0b_h0c.json,longitudinal_2000_v1__strict_nested_3000__seed_20260803
leg_2017_r1,H0B,config/releases/v1.3_pymc_h0b_h0c.json,longitudinal_2000_v1__strict_nested_3000__seed_20260803
leg_2022_r1,H0B,config/releases/v1.3_pymc_h0b_h0c.json,longitudinal_2000_v1__strict_nested_3000__seed_20260803
pre_1965_r1,H0B,config/releases/v1.3_pymc_h0b_h0c.json,longitudinal_2000_v1__strict_nested_3000__seed_20260803
pre_1969_r1,H0B,config/releases/v1.3_pymc_h0b_h0c.json,longitudinal_2000_v1__strict_nested_3000__seed_20260803
pre_1974_r1,H0B,config/releases/v1.3_pymc_h0b_h0c.json,longitudinal_2000_v1__strict_nested_3000__seed_20260803
pre_1981_r1,H0B,config/releases/v1.3_pymc_h0b_h0c.json,longitudinal_2000_v1__strict_nested_3000__seed_20260803
pre_1988_r1,H0B,config/releases/v1.3_pymc_h0b_h0c.json,longitudinal_2000_v1__strict_nested_3000__seed_20260803
pre_1995_r1,H0B,config/releases/v1.3_pymc_h0b_h0c.json,longitudinal_2000_v1__strict_nested_3000__seed_20260803
pre_2002_r1,H0B,config/releases/v1.3_pymc_h0b_h0c.json,longitudinal_2000_v1__strict_nested_3000__seed_20260803
pre_2007_r1,H0B,config/releases/v1.3_pymc_h0b_h0c.json,longitudinal_2000_v1__strict_nested_3000__seed_20260803
pre_2012_r1,H0B,config/releases/v1.3_pymc_h0b_h0c.json,longitudinal_2000_v1__strict_nested_3000__seed_20260803
pre_2017_r1,H0B,config/releases/v1.3_pymc_h0b_h0c.json,longitudinal_2000_v1__strict_nested_3000__seed_20260803
pre_2022_r1,H0B,config/releases/v1.3_pymc_h0b_h0c.json,longitudinal_2000_v1__strict_nested_3000__seed_20260803
leg_1962_r1,H0C,config/releases/v1.3_pymc_h0b_h0c.json,longitudinal_2000_v1__strict_nested_3000__seed_20260803
leg_1967_r1,H0C,config/releases/v1.3_pymc_h0b_h0c.json,longitudinal_2000_v1__strict_nested_3000__seed_20260803
leg_1968_r1,H0C,config/releases/v1.3_pymc_h0b_h0c.json,longitudinal_2000_v1__strict_nested_3000__seed_20260803
leg_1973_r1,H0C,config/releases/v1.3_pymc_h0b_h0c.json,longitudinal_2000_v1__strict_nested_3000__seed_20260803
leg_1978_r1,H0C,config/releases/v1.3_pymc_h0b_h0c.json,longitudinal_2000_v1__strict_nested_3000__seed_20260803
leg_1981_r1,H0C,config/releases/v1.3_pymc_h0b_h0c.json,longitudinal_2000_v1__strict_nested_3000__seed_20260803
leg_1986_r1,H0C,config/releases/v1.3_pymc_h0b_h0c.json,longitudinal_2000_v1__strict_nested_3000__seed_20260803
leg_1988_r1,H0C,config/releases/v1.3_pymc_h0b_h0c.json,longitudinal_2000_v1__strict_nested_3000__seed_20260803
leg_1993_r1,H0C,config/releases/v1.3_pymc_h0b_h0c.json,longitudinal_2000_v1__strict_nested_3000__seed_20260803
leg_1997_r1,H0C,config/releases/v1.3_pymc_h0b_h0c.json,longitudinal_2000_v1__strict_nested_3000__seed_20260803
leg_2002_r1,H0C,config/releases/v1.3_pymc_h0b_h0c.json,longitudinal_2000_v1__strict_nested_3000__seed_20260803
leg_2007_r1,H0C,config/releases/v1.3_pymc_h0b_h0c.json,longitudinal_2000_v1__strict_nested_3000__seed_20260803
leg_2012_r1,H0C,config/releases/v1.3_pymc_h0b_h0c.json,longitudinal_2000_v1__strict_nested_3000__seed_20260803
leg_2017_r1,H0C,config/releases/v1.3_pymc_h0b_h0c.json,longitudinal_2000_v1__strict_nested_3000__seed_20260803
leg_2022_r1,H0C,config/releases/v1.3_pymc_h0b_h0c.json,longitudinal_2000_v1__strict_nested_3000__seed_20260803
pre_1965_r1,H0C,config/releases/v1.3_pymc_h0b_h0c.json,longitudinal_2000_v1__strict_nested_3000__seed_20260803
pre_1969_r1,H0C,config/releases/v1.3_pymc_h0b_h0c.json,longitudinal_2000_v1__strict_nested_3000__seed_20260803
pre_1974_r1,H0C,config/releases/v1.3_pymc_h0b_h0c.json,longitudinal_2000_v1__strict_nested_3000__seed_20260803
pre_1981_r1,H0C,config/releases/v1.3_pymc_h0b_h0c.json,longitudinal_2000_v1__strict_nested_3000__seed_20260803
pre_1988_r1,H0C,config/releases/v1.3_pymc_h0b_h0c.json,longitudinal_2000_v1__strict_nested_3000__seed_20260803
pre_1995_r1,H0C,config/releases/v1.3_pymc_h0b_h0c.json,longitudinal_2000_v1__strict_nested_3000__seed_20260803
pre_2002_r1,H0C,config/releases/v1.3_pymc_h0b_h0c.json,longitudinal_2000_v1__strict_nested_3000__seed_20260803
pre_2007_r1,H0C,config/releases/v1.3_pymc_h0b_h0c.json,longitudinal_2000_v1__strict_nested_3000__seed_20260803
pre_2012_r1,H0C,config/releases/v1.3_pymc_h0b_h0c.json,longitudinal_2000_v1__strict_nested_3000__seed_20260803
pre_2017_r1,H0C,config/releases/v1.3_pymc_h0b_h0c.json,longitudinal_2000_v1__strict_nested_3000__seed_20260803
pre_2022_r1,H0C,config/releases/v1.3_pymc_h0b_h0c.json,longitudinal_2000_v1__strict_nested_3000__seed_20260803
leg_1962_r1,H1,config/releases/v1.0.2.json,longitudinal_2000_v1__strict_nested_3000__seed_20260803
leg_1967_r1,H1,config/releases/v1.0.2.json,longitudinal_2000_v1__strict_nested_3000__seed_20260803
leg_1968_r1,H1,config/releases/v1.0.2.json,longitudinal_2000_v1__strict_nested_3000__seed_20260803
leg_1973_r1,H1,config/releases/v1.0.2.json,longitudinal_2000_v1__strict_nested_3000__seed_20260803
leg_1978_r1,H1,config/releases/v1.0.2.json,longitudinal_2000_v1__strict_nested_3000__seed_20260803
leg_1981_r1,H1,config/releases/v1.0.2.json,longitudinal_2000_v1__strict_nested_3000__seed_20260803
leg_1986_r1,H1,config/releases/v1.0.2.json,longitudinal_2000_v1__strict_nested_3000__seed_20260803
leg_1988_r1,H1,config/releases/v1.0.2.json,longitudinal_2000_v1__strict_nested_3000__seed_20260803
leg_1993_r1,H1,config/releases/v1.0.2.json,longitudinal_2000_v1__strict_nested_3000__seed_20260803
leg_1997_r1,H1,config/releases/v1.0.2.json,longitudinal_2000_v1__strict_nested_3000__seed_20260803
leg_2002_r1,H1,config/releases/v1.0.2.json,longitudinal_2000_v1__strict_nested_3000__seed_20260803
leg_2007_r1,H1,config/releases/v1.0.2.json,longitudinal_2000_v1__strict_nested_3000__seed_20260803
leg_2012_r1,H1,config/releases/v1.0.2.json,longitudinal_2000_v1__strict_nested_3000__seed_20260803
leg_2017_r1,H1,config/releases/v1.0.2.json,longitudinal_2000_v1__strict_nested_3000__seed_20260803
leg_2022_r1,H1,config/releases/v1.0.2.json,longitudinal_2000_v1__strict_nested_3000__seed_20260803
pre_1965_r1,H1,config/releases/v1.0.2.json,longitudinal_2000_v1__strict_nested_3000__seed_20260803
pre_1969_r1,H1,config/releases/v1.0.2.json,longitudinal_2000_v1__strict_nested_3000__seed_20260803
pre_1974_r1,H1,config/releases/v1.0.2.json,longitudinal_2000_v1__strict_nested_3000__seed_20260803
pre_1981_r1,H1,config/releases/v1.0.2.json,longitudinal_2000_v1__strict_nested_3000__seed_20260803
pre_1988_r1,H1,config/releases/v1.0.2.json,longitudinal_2000_v1__strict_nested_3000__seed_20260803
pre_1995_r1,H1,config/releases/v1.0.2.json,longitudinal_2000_v1__strict_nested_3000__seed_20260803
pre_2002_r1,H1,config/releases/v1.0.2.json,longitudinal_2000_v1__strict_nested_3000__seed_20260803
pre_2007_r1,H1,config/releases/v1.0.2.json,longitudinal_2000_v1__strict_nested_3000__seed_20260803
pre_2012_r1,H1,config/releases/v1.0.2.json,longitudinal_2000_v1__strict_nested_3000__seed_20260803
pre_2017_r1,H1,config/releases/v1.0.2.json,longitudinal_2000_v1__strict_nested_3000__seed_20260803
pre_2022_r1,H1,config/releases/v1.0.2.json,longitudinal_2000_v1__strict_nested_3000__seed_20260803
leg_1962_r1,H2,config/releases/v1.1.json,longitudinal_2000_v1__strict_nested_3000__seed_20260803
leg_1967_r1,H2,config/releases/v1.1.json,longitudinal_2000_v1__strict_nested_3000__seed_20260803
leg_1968_r1,H2,config/releases/v1.1.json,longitudinal_2000_v1__strict_nested_3000__seed_20260803
leg_1973_r1,H2,config/releases/v1.1.json,longitudinal_2000_v1__strict_nested_3000__seed_20260803
leg_1978_r1,H2,config/releases/v1.1.json,longitudinal_2000_v1__strict_nested_3000__seed_20260803
leg_1981_r1,H2,config/releases/v1.1.json,longitudinal_2000_v1__strict_nested_3000__seed_20260803
leg_1986_r1,H2,config/releases/v1.1.json,longitudinal_2000_v1__strict_nested_3000__seed_20260803
leg_1988_r1,H2,config/releases/v1.1.json,longitudinal_2000_v1__strict_nested_3000__seed_20260803
leg_1993_r1,H2,config/releases/v1.1.json,longitudinal_2000_v1__strict_nested_3000__seed_20260803
leg_1997_r1,H2,config/releases/v1.1.json,longitudinal_2000_v1__strict_nested_3000__seed_20260803
leg_2002_r1,H2,config/releases/v1.1.json,longitudinal_2000_v1__strict_nested_3000__seed_20260803
leg_2007_r1,H2,config/releases/v1.1.json,longitudinal_2000_v1__strict_nested_3000__seed_20260803
leg_2012_r1,H2,config/releases/v1.1.json,longitudinal_2000_v1__strict_nested_3000__seed_20260803
leg_2017_r1,H2,config/releases/v1.1.json,longitudinal_2000_v1__strict_nested_3000__seed_20260803
leg_2022_r1,H2,config/releases/v1.1.json,longitudinal_2000_v1__strict_nested_3000__seed_20260803
pre_1965_r1,H2,config/releases/v1.1.json,longitudinal_2000_v1__strict_nested_3000__seed_20260803
pre_1969_r1,H2,config/releases/v1.1.json,longitudinal_2000_v1__strict_nested_3000__seed_20260803
pre_1974_r1,H2,config/releases/v1.1.json,longitudinal_2000_v1__strict_nested_3000__seed_20260803
pre_1981_r1,H2,config/releases/v1.1.json,longitudinal_2000_v1__strict_nested_3000__seed_20260803
pre_1988_r1,H2,config/releases/v1.1.json,longitudinal_2000_v1__strict_nested_3000__seed_20260803
pre_1995_r1,H2,config/releases/v1.1.json,longitudinal_2000_v1__strict_nested_3000__seed_20260803
pre_2002_r1,H2,config/releases/v1.1.json,longitudinal_2000_v1__strict_nested_3000__seed_20260803
pre_2007_r1,H2,config/releases/v1.1.json,longitudinal_2000_v1__strict_nested_3000__seed_20260803
pre_2012_r1,H2,config/releases/v1.1.json,longitudinal_2000_v1__strict_nested_3000__seed_20260803
pre_2017_r1,H2,config/releases/v1.1.json,longitudinal_2000_v1__strict_nested_3000__seed_20260803
pre_2022_r1,H2,config/releases/v1.1.json,longitudinal_2000_v1__strict_nested_3000__seed_20260803
leg_1962_r1,H3,config/releases/v1.1.json,longitudinal_2000_v1__strict_nested_3000__seed_20260803
leg_1967_r1,H3,config/releases/v1.1.json,longitudinal_2000_v1__strict_nested_3000__seed_20260803
leg_1968_r1,H3,config/releases/v1.1.json,longitudinal_2000_v1__strict_nested_3000__seed_20260803
leg_1973_r1,H3,config/releases/v1.1.json,longitudinal_2000_v1__strict_nested_3000__seed_20260803
leg_1978_r1,H3,config/releases/v1.1.json,longitudinal_2000_v1__strict_nested_3000__seed_20260803
leg_1981_r1,H3,config/releases/v1.1.json,longitudinal_2000_v1__strict_nested_3000__seed_20260803
leg_1986_r1,H3,config/releases/v1.1.json,longitudinal_2000_v1__strict_nested_3000__seed_20260803
leg_1988_r1,H3,config/releases/v1.1.json,longitudinal_2000_v1__strict_nested_3000__seed_20260803
leg_1993_r1,H3,config/releases/v1.1.json,longitudinal_2000_v1__strict_nested_3000__seed_20260803
leg_1997_r1,H3,config/releases/v1.1.json,longitudinal_2000_v1__strict_nested_3000__seed_20260803
leg_2002_r1,H3,config/releases/v1.1.json,longitudinal_2000_v1__strict_nested_3000__seed_20260803
leg_2007_r1,H3,config/releases/v1.1.json,longitudinal_2000_v1__strict_nested_3000__seed_20260803
leg_2012_r1,H3,config/releases/v1.1.json,longitudinal_2000_v1__strict_nested_3000__seed_20260803
leg_2017_r1,H3,config/releases/v1.1.json,longitudinal_2000_v1__strict_nested_3000__seed_20260803
leg_2022_r1,H3,config/releases/v1.1.json,longitudinal_2000_v1__strict_nested_3000__seed_20260803
pre_1965_r1,H3,config/releases/v1.1.json,longitudinal_2000_v1__strict_nested_3000__seed_20260803
pre_1969_r1,H3,config/releases/v1.1.json,longitudinal_2000_v1__strict_nested_3000__seed_20260803
pre_1974_r1,H3,config/releases/v1.1.json,longitudinal_2000_v1__strict_nested_3000__seed_20260803
pre_1981_r1,H3,config/releases/v1.1.json,longitudinal_2000_v1__strict_nested_3000__seed_20260803
pre_1988_r1,H3,config/releases/v1.1.json,longitudinal_2000_v1__strict_nested_3000__seed_20260803
pre_1995_r1,H3,config/releases/v1.1.json,longitudinal_2000_v1__strict_nested_3000__seed_20260803
pre_2002_r1,H3,config/releases/v1.1.json,longitudinal_2000_v1__strict_nested_3000__seed_20260803
pre_2007_r1,H3,config/releases/v1.1.json,longitudinal_2000_v1__strict_nested_3000__seed_20260803
pre_2012_r1,H3,config/releases/v1.1.json,longitudinal_2000_v1__strict_nested_3000__seed_20260803
pre_2017_r1,H3,config/releases/v1.1.json,longitudinal_2000_v1__strict_nested_3000__seed_20260803
pre_2022_r1,H3,config/releases/v1.1.json,longitudinal_2000_v1__strict_nested_3000__seed_20260803
leg_1962_r1,H4,config/releases/v1.4_numpyro_h4_h5_continuation.json,longitudinal_2000_v1__strict_nested_3000__seed_20260803
leg_1967_r1,H4,config/releases/v1.4_numpyro_h4_h5_continuation.json,longitudinal_2000_v1__strict_nested_3000__seed_20260803
leg_1968_r1,H4,config/releases/v1.4_numpyro_h4_h5_continuation.json,longitudinal_2000_v1__strict_nested_3000__seed_20260803
leg_1973_r1,H4,config/releases/v1.4_numpyro_h4_h5_continuation.json,longitudinal_2000_v1__strict_nested_3000__seed_20260803
leg_1978_r1,H4,config/releases/v1.4_numpyro_h4_h5_continuation.json,longitudinal_2000_v1__strict_nested_3000__seed_20260803
leg_1981_r1,H4,config/releases/v1.4_numpyro_h4_h5_continuation.json,longitudinal_2000_v1__strict_nested_3000__seed_20260803
leg_1986_r1,H4,config/releases/v1.4_numpyro_h4_h5_continuation.json,longitudinal_2000_v1__strict_nested_3000__seed_20260803
leg_1988_r1,H4,config/releases/v1.4_numpyro_h4_h5_continuation.json,longitudinal_2000_v1__strict_nested_3000__seed_20260803
leg_1993_r1,H4,config/releases/v1.4_numpyro_h4_h5_continuation.json,longitudinal_2000_v1__strict_nested_3000__seed_20260803
leg_1997_r1,H4,config/releases/v1.4_numpyro_h4_h5_continuation.json,longitudinal_2000_v1__strict_nested_3000__seed_20260803
leg_2002_r1,H4,config/releases/v1.4_numpyro_h4_h5_continuation.json,longitudinal_2000_v1__strict_nested_3000__seed_20260803
leg_2007_r1,H4,config/releases/v1.4_numpyro_h4_h5_continuation.json,longitudinal_2000_v1__strict_nested_3000__seed_20260803
leg_2012_r1,H4,config/releases/v1.4_numpyro_h4_h5_continuation.json,longitudinal_2000_v1__strict_nested_3000__seed_20260803
leg_2017_r1,H4,config/releases/v1.4_numpyro_h4_h5_continuation.json,longitudinal_2000_v1__strict_nested_3000__seed_20260803
leg_2022_r1,H4,config/releases/v1.4_numpyro_h4_h5_continuation.json,longitudinal_2000_v1__strict_nested_3000__seed_20260803
pre_1965_r1,H4,config/releases/v1.4_numpyro_h4_h5_continuation.json,longitudinal_2000_v1__strict_nested_3000__seed_20260803
pre_1969_r1,H4,config/releases/v1.4_numpyro_h4_h5_continuation.json,longitudinal_2000_v1__strict_nested_3000__seed_20260803
pre_1974_r1,H4,config/releases/v1.4_numpyro_h4_h5_continuation.json,longitudinal_2000_v1__strict_nested_3000__seed_20260803
pre_1981_r1,H4,config/releases/v1.4_numpyro_h4_h5_continuation.json,longitudinal_2000_v1__strict_nested_3000__seed_20260803
pre_1988_r1,H4,config/releases/v1.4_numpyro_h4_h5_continuation.json,longitudinal_2000_v1__strict_nested_3000__seed_20260803
pre_1995_r1,H4,config/releases/v1.4_numpyro_h4_h5_continuation.json,longitudinal_2000_v1__strict_nested_3000__seed_20260803
pre_2002_r1,H4,config/releases/v1.4_numpyro_h4_h5_continuation.json,longitudinal_2000_v1__strict_nested_3000__seed_20260803
pre_2007_r1,H4,config/releases/v1.4_numpyro_h4_h5_continuation.json,longitudinal_2000_v1__strict_nested_3000__seed_20260803
pre_2012_r1,H4,config/releases/v1.4_numpyro_h4_h5_continuation.json,longitudinal_2000_v1__strict_nested_3000__seed_20260803
pre_2017_r1,H4,config/releases/v1.4_numpyro_h4_h5_continuation.json,longitudinal_2000_v1__strict_nested_3000__seed_20260803
pre_2022_r1,H4,config/releases/v1.4_numpyro_h4_h5_continuation.json,longitudinal_2000_v1__strict_nested_3000__seed_20260803
leg_1962_r1,H5,config/releases/v1.4_numpyro_h4_h5_continuation.json,longitudinal_2000_v1__strict_nested_3000__seed_20260803
leg_1967_r1,H5,config/releases/v1.4_numpyro_h4_h5_continuation.json,longitudinal_2000_v1__strict_nested_3000__seed_20260803
leg_1968_r1,H5,config/releases/v1.4_numpyro_h4_h5_continuation.json,longitudinal_2000_v1__strict_nested_3000__seed_20260803
leg_1973_r1,H5,config/releases/v1.4_numpyro_h4_h5_continuation.json,longitudinal_2000_v1__strict_nested_3000__seed_20260803
leg_1978_r1,H5,config/releases/v1.4_numpyro_h4_h5_continuation.json,longitudinal_2000_v1__strict_nested_3000__seed_20260803
leg_1981_r1,H5,config/releases/v1.4_numpyro_h4_h5_continuation.json,longitudinal_2000_v1__strict_nested_3000__seed_20260803
leg_1986_r1,H5,config/releases/v1.4_numpyro_h4_h5_continuation.json,longitudinal_2000_v1__strict_nested_3000__seed_20260803
leg_1988_r1,H5,config/releases/v1.4_numpyro_h4_h5_continuation.json,longitudinal_2000_v1__strict_nested_3000__seed_20260803
leg_1993_r1,H5,config/releases/v1.4_numpyro_h4_h5_continuation.json,longitudinal_2000_v1__strict_nested_3000__seed_20260803
leg_1997_r1,H5,config/releases/v1.4_numpyro_h4_h5_continuation.json,longitudinal_2000_v1__strict_nested_3000__seed_20260803
leg_2002_r1,H5,config/releases/v1.4_numpyro_h4_h5_continuation.json,longitudinal_2000_v1__strict_nested_3000__seed_20260803
leg_2007_r1,H5,config/releases/v1.4_numpyro_h4_h5_continuation.json,longitudinal_2000_v1__strict_nested_3000__seed_20260803
leg_2012_r1,H5,config/releases/v1.4_numpyro_h4_h5_continuation.json,longitudinal_2000_v1__strict_nested_3000__seed_20260803
leg_2017_r1,H5,config/releases/v1.4_numpyro_h4_h5_continuation.json,longitudinal_2000_v1__strict_nested_3000__seed_20260803
leg_2022_r1,H5,config/releases/v1.4_numpyro_h4_h5_continuation.json,longitudinal_2000_v1__strict_nested_3000__seed_20260803
pre_1965_r1,H5,config/releases/v1.4_numpyro_h4_h5_continuation.json,longitudinal_2000_v1__strict_nested_3000__seed_20260803
pre_1969_r1,H5,config/releases/v1.4_numpyro_h4_h5_continuation.json,longitudinal_2000_v1__strict_nested_3000__seed_20260803
pre_1974_r1,H5,config/releases/v1.4_numpyro_h4_h5_continuation.json,longitudinal_2000_v1__strict_nested_3000__seed_20260803
pre_1981_r1,H5,config/releases/v1.4_numpyro_h4_h5_continuation.json,longitudinal_2000_v1__strict_nested_3000__seed_20260803
pre_1988_r1,H5,config/releases/v1.4_numpyro_h4_h5_continuation.json,longitudinal_2000_v1__strict_nested_3000__seed_20260803
pre_1995_r1,H5,config/releases/v1.4_numpyro_h4_h5_continuation.json,longitudinal_2000_v1__strict_nested_3000__seed_20260803
pre_2002_r1,H5,config/releases/v1.4_numpyro_h4_h5_continuation.json,longitudinal_2000_v1__strict_nested_3000__seed_20260803
pre_2007_r1,H5,config/releases/v1.4_numpyro_h4_h5_continuation.json,longitudinal_2000_v1__strict_nested_3000__seed_20260803
pre_2012_r1,H5,config/releases/v1.4_numpyro_h4_h5_continuation.json,longitudinal_2000_v1__strict_nested_3000__seed_20260803
pre_2017_r1,H5,config/releases/v1.4_numpyro_h4_h5_continuation.json,longitudinal_2000_v1__strict_nested_3000__seed_20260803
pre_2022_r1,H5,config/releases/v1.4_numpyro_h4_h5_continuation.json,longitudinal_2000_v1__strict_nested_3000__seed_20260803
leg_1986_r1,H6,config/releases/v1.2_pymc_h6_h7.json,longitudinal_2000_v1__strict_nested_3000__seed_20260803
leg_1988_r1,H6,config/releases/v1.2_pymc_h6_h7.json,longitudinal_2000_v1__strict_nested_3000__seed_20260803
leg_1993_r1,H6,config/releases/v1.2_pymc_h6_h7.json,longitudinal_2000_v1__strict_nested_3000__seed_20260803
leg_1997_r1,H6,config/releases/v1.2_pymc_h6_h7.json,longitudinal_2000_v1__strict_nested_3000__seed_20260803
leg_2002_r1,H6,config/releases/v1.2_pymc_h6_h7.json,longitudinal_2000_v1__strict_nested_3000__seed_20260803
leg_2007_r1,H6,config/releases/v1.2_pymc_h6_h7.json,longitudinal_2000_v1__strict_nested_3000__seed_20260803
leg_2012_r1,H6,config/releases/v1.2_pymc_h6_h7.json,longitudinal_2000_v1__strict_nested_3000__seed_20260803
leg_2017_r1,H6,config/releases/v1.2_pymc_h6_h7.json,longitudinal_2000_v1__strict_nested_3000__seed_20260803
leg_2022_r1,H6,config/releases/v1.2_pymc_h6_h7.json,longitudinal_2000_v1__strict_nested_3000__seed_20260803
pre_1988_r1,H6,config/releases/v1.2_pymc_h6_h7.json,longitudinal_2000_v1__strict_nested_3000__seed_20260803
pre_1995_r1,H6,config/releases/v1.2_pymc_h6_h7.json,longitudinal_2000_v1__strict_nested_3000__seed_20260803
pre_2002_r1,H6,config/releases/v1.2_pymc_h6_h7.json,longitudinal_2000_v1__strict_nested_3000__seed_20260803
pre_2007_r1,H6,config/releases/v1.2_pymc_h6_h7.json,longitudinal_2000_v1__strict_nested_3000__seed_20260803
pre_2012_r1,H6,config/releases/v1.2_pymc_h6_h7.json,longitudinal_2000_v1__strict_nested_3000__seed_20260803
pre_2017_r1,H6,config/releases/v1.2_pymc_h6_h7.json,longitudinal_2000_v1__strict_nested_3000__seed_20260803
pre_2022_r1,H6,config/releases/v1.2_pymc_h6_h7.json,longitudinal_2000_v1__strict_nested_3000__seed_20260803
leg_1986_r1,H7,config/releases/v1.2_pymc_h6_h7.json,longitudinal_2000_v1__strict_nested_3000__seed_20260803
leg_1988_r1,H7,config/releases/v1.2_pymc_h6_h7.json,longitudinal_2000_v1__strict_nested_3000__seed_20260803
leg_1993_r1,H7,config/releases/v1.2_pymc_h6_h7.json,longitudinal_2000_v1__strict_nested_3000__seed_20260803
leg_1997_r1,H7,config/releases/v1.2_pymc_h6_h7.json,longitudinal_2000_v1__strict_nested_3000__seed_20260803
leg_2002_r1,H7,config/releases/v1.2_pymc_h6_h7.json,longitudinal_2000_v1__strict_nested_3000__seed_20260803
leg_2007_r1,H7,config/releases/v1.2_pymc_h6_h7.json,longitudinal_2000_v1__strict_nested_3000__seed_20260803
leg_2012_r1,H7,config/releases/v1.2_pymc_h6_h7.json,longitudinal_2000_v1__strict_nested_3000__seed_20260803
leg_2017_r1,H7,config/releases/v1.2_pymc_h6_h7.json,longitudinal_2000_v1__strict_nested_3000__seed_20260803
leg_2022_r1,H7,config/releases/v1.2_pymc_h6_h7.json,longitudinal_2000_v1__strict_nested_3000__seed_20260803
pre_1988_r1,H7,config/releases/v1.2_pymc_h6_h7.json,longitudinal_2000_v1__strict_nested_3000__seed_20260803
pre_1995_r1,H7,config/releases/v1.2_pymc_h6_h7.json,longitudinal_2000_v1__strict_nested_3000__seed_20260803
pre_2002_r1,H7,config/releases/v1.2_pymc_h6_h7.json,longitudinal_2000_v1__strict_nested_3000__seed_20260803
pre_2007_r1,H7,config/releases/v1.2_pymc_h6_h7.json,longitudinal_2000_v1__strict_nested_3000__seed_20260803
pre_2012_r1,H7,config/releases/v1.2_pymc_h6_h7.json,longitudinal_2000_v1__strict_nested_3000__seed_20260803
pre_2017_r1,H7,config/releases/v1.2_pymc_h6_h7.json,longitudinal_2000_v1__strict_nested_3000__seed_20260803
pre_2022_r1,H7,config/releases/v1.2_pymc_h6_h7.json,longitudinal_2000_v1__strict_nested_3000__seed_20260803
