election_id,scenario_id,unit_id,exprimes,voteG,voteCG,voteC,voteCD,voteD,absolute_source_gap,tolerance_absolute_counts,in_master_3000,in_panel_2000,panel_max_absolute_raw_gap,panel_raw_closure_within_tolerance,panel_model_ready_exact_closure,mapping_status,panel_scope_assessment,execution_status
leg_1993_r1,RXC1,75056,741327.0,59403.602,215927.59,2992.6001,371755.59,91247.602,0.015899999998509884,0.01,False,False,0.0008099999977275729,True,True,no_mapping_error_detected,potentially_admissible,deferred_to_v1.1
leg_1993_r1,RXC2,75056,741327.0,59403.602,215927.59,2992.6001,371755.59,91247.602,0.015899999998509884,0.01,False,False,0.0008099999977275729,True,True,no_mapping_error_detected,potentially_admissible,deferred_to_v1.1
leg_2002_r1,RXC1,75056,754677.0,38300.199,300090.19,3529.2,357270.19,55487.199,0.02199999988079071,0.01,False,False,0.00040100000114762224,True,True,no_mapping_error_detected,potentially_admissible,deferred_to_v1.1
leg_2002_r1,RXC2,75056,754677.0,38300.199,300090.19,3529.2,357270.19,55487.199,0.02199999988079071,0.01,False,False,0.00040100000114762224,True,True,no_mapping_error_detected,potentially_admissible,deferred_to_v1.1
leg_2007_r1,RXC1,75056,774473.0,47777.602,273456.59,94514.602,331162.59,27561.6,0.015999999945051968,0.01,False,False,0.00041000000055646524,True,True,no_mapping_error_detected,potentially_admissible,deferred_to_v1.1
leg_2007_r1,RXC2,75056,774473.0,47777.602,273456.59,94514.602,331162.59,27561.6,0.015999999945051968,0.01,False,False,0.00041000000055646524,True,True,no_mapping_error_detected,potentially_admissible,deferred_to_v1.1
leg_2012_r1,RXC1,75056,742453.0,65747.203,338172.19,32284.199,263982.19,42267.199,0.018999999971129,0.01,False,False,0.0003099999994446989,True,True,no_mapping_error_detected,potentially_admissible,deferred_to_v1.1
leg_2012_r1,RXC2,75056,742453.0,65747.203,338172.19,32284.199,263982.19,42267.199,0.018999999971129,0.01,False,False,0.0003099999994446989,True,True,no_mapping_error_detected,potentially_admissible,deferred_to_v1.1
leg_2017_r1,RXC1,75056,731226.0,106028.2,146935.2,283317.19,160084.2,34861.199,0.010999999940395355,0.01,False,False,0.00041000000055646524,True,True,no_mapping_error_detected,potentially_admissible,deferred_to_v1.1
leg_2017_r1,RXC2,75056,731226.0,106028.2,146935.2,283317.19,160084.2,34861.199,0.010999999940395355,0.01,False,False,0.00041000000055646524,True,True,no_mapping_error_detected,potentially_admissible,deferred_to_v1.1
pre_1974_r1,RXC1,13055,344405.0,11212.6,180087.59,1429.6,147168.59,4506.6001,0.019900000013876706,0.01,False,False,0.001989999997022096,True,True,no_mapping_error_detected,potentially_admissible,deferred_to_v1.1
pre_1974_r1,RXC2,13055,344405.0,11212.6,180087.59,1429.6,147168.59,4506.6001,0.019900000013876706,0.01,False,False,0.001989999997022096,True,True,no_mapping_error_detected,potentially_admissible,deferred_to_v1.1
pre_1995_r1,RXC1,75056,842661.0,80493.602,250193.59,331.60001,411478.59,100163.6,0.017989999963901937,0.01,False,False,0.0006009999997331761,True,True,no_mapping_error_detected,potentially_admissible,deferred_to_v1.1
pre_1995_r1,RXC2,75056,842661.0,80493.602,250193.59,331.60001,411478.59,100163.6,0.017989999963901937,0.01,False,False,0.0006009999997331761,True,True,no_mapping_error_detected,potentially_admissible,deferred_to_v1.1
pre_2007_r1,RXC1,75056,1059541.0,54168.398,353003.41,335.39999,591599.38,60434.398,0.014010000042617321,0.01,False,False,0.0009990000035031699,True,True,no_mapping_error_detected,potentially_admissible,deferred_to_v1.1
pre_2007_r1,RXC2,75056,1059541.0,54168.398,353003.41,335.39999,591599.38,60434.398,0.014010000042617321,0.01,False,False,0.0009990000035031699,True,True,no_mapping_error_detected,potentially_admissible,deferred_to_v1.1
pre_2012_r1,RXC1,75056,992474.0,119918.4,387584.41,93118.398,319936.41,71916.398,0.01600000006146729,0.01,False,False,0.0005999999993946403,True,True,no_mapping_error_detected,potentially_admissible,deferred_to_v1.1
pre_2012_r1,RXC2,75056,992474.0,119918.4,387584.41,93118.398,319936.41,71916.398,0.01600000006146729,0.01,False,False,0.0005999999993946403,True,True,no_mapping_error_detected,potentially_admissible,deferred_to_v1.1
pre_2017_r1,RXC1,75056,1076559.0,221636.41,110942.4,376398.41,286136.41,81445.398,0.027999999932944775,0.01,False,False,0.0007999999979801942,True,True,no_mapping_error_detected,potentially_admissible,deferred_to_v1.1
pre_2017_r1,RXC2,75056,1076559.0,221636.41,110942.4,376398.41,286136.41,81445.398,0.027999999932944775,0.01,False,False,0.0007999999979801942,True,True,no_mapping_error_detected,potentially_admissible,deferred_to_v1.1
pre_2022_r1,RXC1,75056,1055062.0,345689.81,105596.8,375247.81,71991.797,156535.8,0.01699999999254942,0.01,False,False,0.0005999999993946403,True,True,no_mapping_error_detected,potentially_admissible,deferred_to_v1.1
pre_2022_r1,RXC2,75056,1055062.0,345689.81,105596.8,375247.81,71991.797,156535.8,0.01699999999254942,0.01,False,False,0.0005999999993946403,True,True,no_mapping_error_detected,potentially_admissible,deferred_to_v1.1
