election_id,scenario_id,reference_run_id,reference_selection_status,draws,tune,chains,cores,target_accept,max_treedepth,random_seed,king_lambda,sampler_backend,krt_parameterization_version,provenance
leg_1962_r1,H0A,20260810T105531Z__73ea044afa93,canonical_v1.0.2,1000,1000,4,1,0.99,14,20260802,0.5,numpyro,legacy_unversioned_pyei_king99,selected_run_manifest
leg_1967_r1,H0A,20260810T112837Z__a8fff85aa641,canonical_v1.0.2,1000,1000,4,1,0.99,14,20260802,0.5,numpyro,legacy_unversioned_pyei_king99,selected_run_manifest
leg_1968_r1,H0A,20260810T113554Z__754742b92f02,canonical_v1.0.2,1000,1000,4,1,0.99,14,20260802,0.5,numpyro,legacy_unversioned_pyei_king99,selected_run_manifest
leg_1973_r1,H0A,20260810T114748Z__c1d2b60578a3,canonical_v1.0.2,1000,1000,4,1,0.99,14,20260802,0.5,numpyro,legacy_unversioned_pyei_king99,selected_run_manifest
leg_1978_r1,H0A,20260810T120610Z__59b81e310ac8,canonical_v1.0.2,1000,1000,4,1,0.99,14,20260802,0.5,numpyro,legacy_unversioned_pyei_king99,selected_run_manifest
leg_1981_r1,H0A,20260810T120905Z__75f4820558f1,canonical_v1.0.2,1000,1000,4,1,0.99,14,20260802,0.5,numpyro,legacy_unversioned_pyei_king99,selected_run_manifest
leg_1986_r1,H0A,20260810T110245Z__8d960aa8a887,canonical_v1.0.2,1000,1000,4,1,0.99,14,20260802,0.5,numpyro,legacy_unversioned_pyei_king99,selected_run_manifest
leg_1988_r1,H0A,20260810T122216Z__b23b7b090dae,canonical_v1.0.2,1000,1000,4,1,0.99,14,20260802,0.5,numpyro,legacy_unversioned_pyei_king99,selected_run_manifest
leg_1993_r1,H0A,20260810T123503Z__6915a60948c5,canonical_v1.0.2,1000,1000,4,1,0.99,14,20260802,0.5,numpyro,legacy_unversioned_pyei_king99,selected_run_manifest
leg_1997_r1,H0A,20260810T124714Z__f8635be891a2,canonical_v1.0.2,1000,1000,4,1,0.99,14,20260802,0.5,numpyro,legacy_unversioned_pyei_king99,selected_run_manifest
leg_2002_r1,H0A,20260817T124939Z__df4975f39ddf,canonical_v1.0.2,2000,2000,4,1,0.99,14,20260817,0.5,numpyro,legacy_unversioned_pyei_king99,selected_run_manifest
leg_2007_r1,H0A,20260817T123543Z__ef297c2d76a8,canonical_v1.0.2,2000,2000,4,1,0.99,14,20260817,0.5,numpyro,legacy_unversioned_pyei_king99,selected_run_manifest
leg_2012_r1,H0A,20260810T204819Z__31b98b4de9e1,canonical_v1.0.2,1000,1000,4,1,0.99,14,20260802,0.5,numpyro,legacy_unversioned_pyei_king99,selected_run_manifest
leg_2017_r1,H0A,20260810T210359Z__a998013b602d,canonical_v1.0.2,1000,1000,4,1,0.99,14,20260802,0.5,numpyro,legacy_unversioned_pyei_king99,selected_run_manifest
leg_2022_r1,H0A,20260810T110744Z__b3321da8a1b1,canonical_v1.0.2,1000,1000,4,1,0.99,14,20260802,0.5,numpyro,legacy_unversioned_pyei_king99,selected_run_manifest
pre_1965_r1,H0A,20260810T111414Z__4ff351109ff4,canonical_v1.0.2,1000,1000,4,1,0.99,14,20260802,0.5,numpyro,legacy_unversioned_pyei_king99,selected_run_manifest
pre_1969_r1,H0A,20260810T114106Z__5fcb59560201,canonical_v1.0.2,1000,1000,4,1,0.99,14,20260802,0.5,numpyro,legacy_unversioned_pyei_king99,selected_run_manifest
pre_1974_r1,H0A,20260810T115328Z__55203e9480b4,canonical_v1.0.2,1000,1000,4,1,0.99,14,20260802,0.5,numpyro,legacy_unversioned_pyei_king99,selected_run_manifest
pre_1981_r1,H0A,20260810T121407Z__67d03a0dab12,canonical_v1.0.2,1000,1000,4,1,0.99,14,20260802,0.5,numpyro,legacy_unversioned_pyei_king99,selected_run_manifest
pre_1988_r1,H0A,20260810T122908Z__4452019e0a18,canonical_v1.0.2,1000,1000,4,1,0.99,14,20260802,0.5,numpyro,legacy_unversioned_pyei_king99,selected_run_manifest
pre_1995_r1,H0A,20260810T124141Z__c9107e62a966,canonical_v1.0.2,1000,1000,4,1,0.99,14,20260802,0.5,numpyro,legacy_unversioned_pyei_king99,selected_run_manifest
pre_2002_r1,H0A,20260810T125716Z__f05cb0a66662,canonical_v1.0.2,1000,1000,4,1,0.99,14,20260802,0.5,numpyro,legacy_unversioned_pyei_king99,selected_run_manifest
pre_2007_r1,H0A,20260817T122455Z__db9fe4567ce4,canonical_v1.0.2,2000,2000,4,1,0.99,14,20260817,0.5,numpyro,legacy_unversioned_pyei_king99,selected_run_manifest
pre_2012_r1,H0A,20260810T205714Z__98295cdb2a8c,canonical_v1.0.2,1000,1000,4,1,0.99,14,20260802,0.5,numpyro,legacy_unversioned_pyei_king99,selected_run_manifest
pre_2017_r1,H0A,20260810T211117Z__3d56ddc417b3,canonical_v1.0.2,1000,1000,4,1,0.99,14,20260802,0.5,numpyro,legacy_unversioned_pyei_king99,selected_run_manifest
pre_2022_r1,H0A,20260810T211640Z__1bad7a590f23,canonical_v1.0.2,1000,1000,4,1,0.99,14,20260802,0.5,numpyro,legacy_unversioned_pyei_king99,selected_run_manifest
leg_1962_r1,H1,20260811T201058Z__3cb4b61aed7b,canonical_v1.0.2,1000,1000,4,1,0.99,14,20260802,0.5,numpyro,legacy_unversioned_pyei_king99,selected_run_manifest
leg_1967_r1,H1,20260811T212555Z__50becc1484f6,canonical_v1.0.2,1000,1000,4,1,0.99,14,20260802,0.5,numpyro,legacy_unversioned_pyei_king99,selected_run_manifest
leg_1968_r1,H1,20260811T214256Z__b4b2130bbbae,canonical_v1.0.2,1000,1000,4,1,0.99,14,20260802,0.5,numpyro,legacy_unversioned_pyei_king99,selected_run_manifest
leg_1973_r1,H1,20260812T055440Z__381031736bb0,canonical_v1.0.2,1000,1000,4,1,0.99,14,20260802,0.5,numpyro,legacy_unversioned_pyei_king99,selected_run_manifest
leg_1978_r1,H1,20260812T062123Z__2d38921e291a,canonical_v1.0.2,1000,1000,4,1,0.99,14,20260802,0.5,numpyro,legacy_unversioned_pyei_king99,selected_run_manifest
leg_1981_r1,H1,20260812T062831Z__621d4704af42,canonical_v1.0.2,1000,1000,4,1,0.99,14,20260802,0.5,numpyro,legacy_unversioned_pyei_king99,selected_run_manifest
leg_1986_r1,H1,20260811T203720Z__a2b0b18f9a93,canonical_v1.0.2,1000,1000,4,1,0.99,14,20260802,0.5,numpyro,legacy_unversioned_pyei_king99,selected_run_manifest
leg_1988_r1,H1,20260812T065150Z__72cfd47970fb,canonical_v1.0.2,1000,1000,4,1,0.99,14,20260802,0.5,numpyro,legacy_unversioned_pyei_king99,selected_run_manifest
leg_1993_r1,H1,20260812T071212Z__02e756da0557,canonical_v1.0.2,1000,1000,4,1,0.99,14,20260802,0.5,numpyro,legacy_unversioned_pyei_king99,selected_run_manifest
leg_1997_r1,H1,20260812T073709Z__1fef886b4c12,canonical_v1.0.2,1000,1000,4,1,0.99,14,20260802,0.5,numpyro,legacy_unversioned_pyei_king99,selected_run_manifest
leg_2002_r1,H1,20260812T075106Z__d620df6c693f,canonical_v1.0.2,1000,1000,4,1,0.99,14,20260802,0.5,numpyro,legacy_unversioned_pyei_king99,selected_run_manifest
leg_2007_r1,H1,20260812T120426Z__a4c84c767d4a,canonical_v1.0.2,1000,1000,4,1,0.99,14,20260802,0.5,numpyro,legacy_unversioned_pyei_king99,selected_run_manifest
leg_2012_r1,H1,20260812T123846Z__76930139889d,canonical_v1.0.2,1000,1000,4,1,0.99,14,20260802,0.5,numpyro,legacy_unversioned_pyei_king99,selected_run_manifest
leg_2017_r1,H1,20260817T132953Z__5cdc2d81160a,canonical_v1.0.2,2000,2000,4,1,0.99,14,20260817,0.5,numpyro,legacy_unversioned_pyei_king99,selected_run_manifest
leg_2022_r1,H1,20260817T131431Z__0ad5e1ee32f6,canonical_v1.0.2,2000,2000,4,1,0.99,14,20260817,0.5,numpyro,legacy_unversioned_pyei_king99,selected_run_manifest
pre_1965_r1,H1,20260811T210953Z__6d09f533c649,canonical_v1.0.2,1000,1000,4,1,0.99,14,20260802,0.5,numpyro,legacy_unversioned_pyei_king99,selected_run_manifest
pre_1969_r1,H1,20260811T215335Z__b2f40f04551f,canonical_v1.0.2,1000,1000,4,1,0.99,14,20260802,0.5,numpyro,legacy_unversioned_pyei_king99,selected_run_manifest
pre_1974_r1,H1,20260812T061140Z__9df751a9238e,canonical_v1.0.2,1000,1000,4,1,0.99,14,20260802,0.5,numpyro,legacy_unversioned_pyei_king99,selected_run_manifest
pre_1981_r1,H1,20260812T064131Z__3caa24a8816d,canonical_v1.0.2,1000,1000,4,1,0.99,14,20260802,0.5,numpyro,legacy_unversioned_pyei_king99,selected_run_manifest
pre_1988_r1,H1,20260812T070510Z__db66bc545530,canonical_v1.0.2,1000,1000,4,1,0.99,14,20260802,0.5,numpyro,legacy_unversioned_pyei_king99,selected_run_manifest
pre_1995_r1,H1,20260812T072250Z__c01551e72c59,canonical_v1.0.2,1000,1000,4,1,0.99,14,20260802,0.5,numpyro,legacy_unversioned_pyei_king99,selected_run_manifest
pre_2002_r1,H1,20260812T103810Z__877bf1fa1f8f,canonical_v1.0.2,1000,1000,4,1,0.99,14,20260802,0.5,numpyro,legacy_unversioned_pyei_king99,selected_run_manifest
pre_2007_r1,H1,20260812T122734Z__ead7f0ce2f5b,canonical_v1.0.2,1000,1000,4,1,0.99,14,20260802,0.5,numpyro,legacy_unversioned_pyei_king99,selected_run_manifest
pre_2012_r1,H1,20260817T130106Z__3e0b6a676796,canonical_v1.0.2,2000,2000,4,1,0.99,14,20260817,0.5,numpyro,legacy_unversioned_pyei_king99,selected_run_manifest
pre_2017_r1,H1,20260812T161934Z__f1a887a08fd1,canonical_v1.0.2,1000,1000,4,1,0.99,14,20260802,0.5,numpyro,legacy_unversioned_pyei_king99,selected_run_manifest
pre_2022_r1,H1,20260812T162908Z__b0745c4edb6c,canonical_v1.0.2,1000,1000,4,1,0.99,14,20260802,0.5,numpyro,legacy_unversioned_pyei_king99,selected_run_manifest
leg_1962_r1,H0B,20260825T021206Z__00d738f30cd0,initial_fit_user_selected,1000,1000,4,1,0.99,14,1080480272,0.5,pymc,legacy_unversioned_pyei_king99,selected_run_manifest
leg_1962_r1,H0C,20260825T025249Z__7a626602b307,initial_fit_user_selected,1000,1000,4,1,0.99,14,488652873,0.5,pymc,legacy_unversioned_pyei_king99,selected_run_manifest
leg_1962_r1,H2,20260825T033641Z__37795b17add3,initial_fit_user_selected,1000,1000,4,1,0.99,14,1710020224,0.5,pymc,legacy_unversioned_pyei_king99,selected_run_manifest
leg_1962_r1,H3,20260825T101843Z__d3030b2cdc30,initial_fit_user_selected,1000,1000,4,1,0.99,14,1887022430,0.5,pymc,legacy_unversioned_pyei_king99,selected_run_manifest
leg_1962_r1,H4,20260825T092344Z__cbdb8518cf74,initial_fit_user_selected,1000,1000,4,1,0.99,14,1680840236,0.5,pymc,legacy_unversioned_pyei_king99,selected_run_manifest
leg_1962_r1,H5,20260825T101745Z__fb57f74e3e13,initial_fit_user_selected,1000,1000,4,1,0.99,14,1535794328,0.5,pymc,legacy_unversioned_pyei_king99,selected_run_manifest
leg_1967_r1,H0B,20260826T081336Z__cd132e42b6af,initial_fit_user_selected,1000,1000,4,1,0.99,14,775360210,0.5,pymc,king99_beta_binomial_independent_beta_random_effects_v1,selected_run_manifest
leg_1967_r1,H0C,20260826T082739Z__c2d42729853b,initial_fit_user_selected,1000,1000,4,1,0.99,14,848665908,0.5,pymc,king99_beta_binomial_independent_beta_random_effects_v1,selected_run_manifest
leg_1967_r1,H2,20260825T012633Z__d9d48e5db403,initial_fit_user_selected,1000,1000,4,1,0.99,14,2037716275,0.5,pymc,legacy_unversioned_pyei_king99,selected_run_manifest
leg_1967_r1,H3,20260827T120542Z__7c7cb2c2c04b,initial_fit_user_selected,1000,1000,4,1,0.99,14,1633476814,0.5,numpyro,king99_beta_binomial_independent_beta_random_effects_v1,run_key_sha256_reconstructed_exact
leg_1967_r1,H4,20260827T134010Z__a5dee800a0bb,initial_fit_user_selected,1000,1000,4,1,0.99,14,574291880,0.5,numpyro,king99_beta_binomial_independent_beta_random_effects_v1,run_key_sha256_reconstructed_exact
leg_1967_r1,H5,20260827T134759Z__6dede994449e,initial_fit_user_selected,1000,1000,4,1,0.99,14,785835451,0.5,numpyro,king99_beta_binomial_independent_beta_random_effects_v1,run_key_sha256_reconstructed_exact
leg_1968_r1,H0B,20260826T083947Z__2b72f85ac89a,initial_fit_user_selected,1000,1000,4,1,0.99,14,314097108,0.5,pymc,king99_beta_binomial_independent_beta_random_effects_v1,selected_run_manifest
leg_1968_r1,H0C,20260826T084637Z__ef181b3163b3,initial_fit_user_selected,1000,1000,4,1,0.99,14,2013824852,0.5,pymc,king99_beta_binomial_independent_beta_random_effects_v1,selected_run_manifest
leg_1968_r1,H2,20260827T141425Z__b6d969fca7af,initial_fit_user_selected,1000,1000,4,1,0.99,14,1675861536,0.5,numpyro,king99_beta_binomial_independent_beta_random_effects_v1,run_key_sha256_reconstructed_exact
leg_1968_r1,H3,20260827T142806Z__1965d4bd2eec,initial_fit_user_selected,1000,1000,4,1,0.99,14,235022124,0.5,numpyro,king99_beta_binomial_independent_beta_random_effects_v1,run_key_sha256_reconstructed_exact
leg_1968_r1,H4,20260827T145216Z__b72ae76897cd,initial_fit_user_selected,1000,1000,4,1,0.99,14,1100560412,0.5,numpyro,king99_beta_binomial_independent_beta_random_effects_v1,run_key_sha256_reconstructed_exact
leg_1968_r1,H5,20260827T150101Z__6b93baa959e3,initial_fit_user_selected,1000,1000,4,1,0.99,14,206266215,0.5,numpyro,king99_beta_binomial_independent_beta_random_effects_v1,run_key_sha256_reconstructed_exact
leg_1973_r1,H0B,20260826T091546Z__9d4934064221,initial_fit_user_selected,1000,1000,4,1,0.99,14,909280324,0.5,pymc,king99_beta_binomial_independent_beta_random_effects_v1,selected_run_manifest
leg_1973_r1,H0C,20260826T092231Z__fa98611c7f1b,initial_fit_user_selected,1000,1000,4,1,0.99,14,792581334,0.5,pymc,king99_beta_binomial_independent_beta_random_effects_v1,selected_run_manifest
leg_1973_r1,H2,20260827T193616Z__4c9a12d2b097,initial_fit_user_selected,1000,1000,4,1,0.99,14,1867945800,0.5,numpyro,king99_beta_binomial_independent_beta_random_effects_v1,run_key_sha256_reconstructed_exact
leg_1973_r1,H3,20260827T194440Z__51a1785fae26,initial_fit_user_selected,1000,1000,4,1,0.99,14,1306708398,0.5,numpyro,king99_beta_binomial_independent_beta_random_effects_v1,run_key_sha256_reconstructed_exact
leg_1973_r1,H4,20260827T215716Z__e609b9ccc2da,initial_fit_user_selected,1000,1000,4,1,0.99,14,1437148894,0.5,numpyro,king99_beta_binomial_independent_beta_random_effects_v1,run_key_sha256_reconstructed_exact
leg_1973_r1,H5,20260828T000517Z__67aa6de494af,initial_fit_user_selected,1000,1000,4,1,0.99,14,950394608,0.5,numpyro,king99_beta_binomial_independent_beta_random_effects_v1,run_key_sha256_reconstructed_exact
leg_1978_r1,H0B,20260826T095054Z__4edf366deb1f,initial_fit_user_selected,1000,1000,4,1,0.99,14,837527903,0.5,pymc,king99_beta_binomial_independent_beta_random_effects_v1,selected_run_manifest
leg_1978_r1,H0C,20260826T101046Z__012fa60d3bea,initial_fit_user_selected,1000,1000,4,1,0.99,14,1865539544,0.5,pymc,king99_beta_binomial_independent_beta_random_effects_v1,selected_run_manifest
leg_1978_r1,H2,20260828T002209Z__69a9387ee5f9,initial_fit_user_selected,1000,1000,4,1,0.99,14,1060133945,0.5,numpyro,king99_beta_binomial_independent_beta_random_effects_v1,run_key_sha256_reconstructed_exact
leg_1978_r1,H3,20260828T003123Z__b5aa64138797,initial_fit_user_selected,1000,1000,4,1,0.99,14,1728734981,0.5,numpyro,king99_beta_binomial_independent_beta_random_effects_v1,run_key_sha256_reconstructed_exact
leg_1978_r1,H4,20260828T004324Z__98578749c0c1,initial_fit_user_selected,1000,1000,4,1,0.99,14,71184065,0.5,numpyro,king99_beta_binomial_independent_beta_random_effects_v1,run_key_sha256_reconstructed_exact
leg_1978_r1,H5,20260828T005131Z__10a372ad2519,initial_fit_user_selected,1000,1000,4,1,0.99,14,972276106,0.5,numpyro,king99_beta_binomial_independent_beta_random_effects_v1,run_key_sha256_reconstructed_exact
leg_1981_r1,H0B,20260826T102523Z__0c522c54e592,initial_fit_user_selected,1000,1000,4,1,0.99,14,301638778,0.5,pymc,king99_beta_binomial_independent_beta_random_effects_v1,selected_run_manifest
leg_1981_r1,H0C,20260826T105028Z__2d793da3e1c8,initial_fit_user_selected,1000,1000,4,1,0.99,14,857426031,0.5,pymc,king99_beta_binomial_independent_beta_random_effects_v1,selected_run_manifest
leg_1981_r1,H2,20260828T012936Z__27c81ce18cf3,initial_fit_user_selected,1000,1000,4,1,0.99,14,64970690,0.5,numpyro,king99_beta_binomial_independent_beta_random_effects_v1,run_key_sha256_reconstructed_exact
leg_1981_r1,H3,20260828T014142Z__98f1e154485b,initial_fit_user_selected,1000,1000,4,1,0.99,14,1265043160,0.5,numpyro,king99_beta_binomial_independent_beta_random_effects_v1,run_key_sha256_reconstructed_exact
leg_1981_r1,H4,20260828T014957Z__22e295cea783,initial_fit_user_selected,1000,1000,4,1,0.99,14,1134738712,0.5,numpyro,king99_beta_binomial_independent_beta_random_effects_v1,run_key_sha256_reconstructed_exact
leg_1981_r1,H5,20260828T032847Z__adfe1e5797ed,initial_fit_user_selected,1000,1000,4,1,0.99,14,156630939,0.5,numpyro,king99_beta_binomial_independent_beta_random_effects_v1,run_key_sha256_reconstructed_exact
leg_1986_r1,H0B,20260825T032113Z__aaa3892ec4b2,initial_fit_user_selected,1000,1000,4,1,0.99,14,792214903,0.5,pymc,legacy_unversioned_pyei_king99,selected_run_manifest
leg_1986_r1,H0C,20260825T035315Z__af26df797826,initial_fit_user_selected,1000,1000,4,1,0.99,14,1960114829,0.5,pymc,legacy_unversioned_pyei_king99,selected_run_manifest
leg_1986_r1,H2,20260822T212646Z__0cf1f6cfe8f0,initial_fit_user_selected,1000,1000,4,1,0.99,14,1084991452,0.5,numpyro,legacy_unversioned_pyei_king99,selected_run_manifest
leg_1986_r1,H3,20260822T214801Z__9096b3450ad7,initial_fit_user_selected,1000,1000,4,1,0.99,14,855059713,0.5,numpyro,legacy_unversioned_pyei_king99,selected_run_manifest
leg_1986_r1,H4,20260825T163124Z__d2e99a6ee767,initial_fit_user_selected,1000,1000,4,1,0.99,14,2140196641,0.5,pymc,legacy_unversioned_pyei_king99,selected_run_manifest
leg_1986_r1,H5,20260825T164515Z__10f058297681,initial_fit_user_selected,1000,1000,4,1,0.99,14,1429336248,0.5,pymc,legacy_unversioned_pyei_king99,selected_run_manifest
leg_1986_r1,H6,20260825T020654Z__a417614cfdca,initial_fit_user_selected,1000,1000,4,1,0.99,14,1392168817,0.5,pymc,legacy_unversioned_pyei_king99,selected_run_manifest
leg_1986_r1,H7,20260825T025001Z__889d24196ddb,initial_fit_user_selected,1000,1000,4,1,0.99,14,2139220136,0.5,pymc,legacy_unversioned_pyei_king99,selected_run_manifest
leg_1988_r1,H0B,20260826T115930Z__40b4b6ec9877,initial_fit_user_selected,1000,1000,4,1,0.99,14,1168965583,0.5,pymc,king99_beta_binomial_independent_beta_random_effects_v1,selected_run_manifest
leg_1988_r1,H0C,20260826T121511Z__aeae512d0de5,initial_fit_user_selected,1000,1000,4,1,0.99,14,335645750,0.5,pymc,king99_beta_binomial_independent_beta_random_effects_v1,selected_run_manifest
leg_1988_r1,H2,20260829T142427Z__159906b13b10,initial_fit_user_selected,1000,1000,4,1,0.99,14,1707874769,0.5,numpyro,king99_beta_binomial_independent_beta_random_effects_v1,run_key_sha256_reconstructed_exact
leg_1988_r1,H3,20260828T103129Z__a0c83b7e1063,initial_fit_user_selected,1000,1000,4,1,0.99,14,1956580184,0.5,numpyro,king99_beta_binomial_independent_beta_random_effects_v1,run_key_sha256_reconstructed_exact
leg_1988_r1,H4,20260828T105537Z__2a3f865580d9,initial_fit_user_selected,1000,1000,4,1,0.99,14,1647508983,0.5,numpyro,king99_beta_binomial_independent_beta_random_effects_v1,run_key_sha256_reconstructed_exact
leg_1988_r1,H5,20260828T110950Z__604c06042c3e,initial_fit_user_selected,1000,1000,4,1,0.99,14,862431310,0.5,numpyro,king99_beta_binomial_independent_beta_random_effects_v1,run_key_sha256_reconstructed_exact
leg_1988_r1,H6,20260825T043546Z__8bb4e972378d,initial_fit_user_selected,1000,1000,4,1,0.99,14,74072396,0.5,pymc,legacy_unversioned_pyei_king99,selected_run_manifest
leg_1988_r1,H7,20260825T092911Z__cadc38095aa3,initial_fit_user_selected,1000,1000,4,1,0.99,14,1354455290,0.5,pymc,legacy_unversioned_pyei_king99,selected_run_manifest
leg_1993_r1,H0B,20260826T131153Z__6afd6d10c891,initial_fit_user_selected,1000,1000,4,1,0.99,14,2086790666,0.5,pymc,king99_beta_binomial_independent_beta_random_effects_v1,run_key_sha256_reconstructed_exact
leg_1993_r1,H0C,20260826T132944Z__c555090ca89c,initial_fit_user_selected,1000,1000,4,1,0.99,14,1939140537,0.5,pymc,king99_beta_binomial_independent_beta_random_effects_v1,run_key_sha256_reconstructed_exact
leg_1993_r1,H2,20260828T112901Z__0705081e29d6,initial_fit_user_selected,1000,1000,4,1,0.99,14,1607572035,0.5,numpyro,king99_beta_binomial_independent_beta_random_effects_v1,run_key_sha256_reconstructed_exact
leg_1993_r1,H3,20260828T120133Z__2888a3b7eff5,initial_fit_user_selected,1000,1000,4,1,0.99,14,1523481027,0.5,numpyro,king99_beta_binomial_independent_beta_random_effects_v1,run_key_sha256_reconstructed_exact
leg_1993_r1,H4,20260828T120623Z__5e9735ec9a4d,initial_fit_user_selected,1000,1000,4,1,0.99,14,393443064,0.5,numpyro,king99_beta_binomial_independent_beta_random_effects_v1,run_key_sha256_reconstructed_exact
leg_1993_r1,H5,20260828T121114Z__c726f0881df0,initial_fit_user_selected,1000,1000,4,1,0.99,14,1888180582,0.5,numpyro,king99_beta_binomial_independent_beta_random_effects_v1,run_key_sha256_reconstructed_exact
leg_1993_r1,H6,20260825T105920Z__1053e11796c0,initial_fit_user_selected,1000,1000,4,1,0.99,14,1130863238,0.5,pymc,legacy_unversioned_pyei_king99,selected_run_manifest
leg_1993_r1,H7,20260825T132611Z__531705bf8394,initial_fit_user_selected,1000,1000,4,1,0.99,14,1769627446,0.5,pymc,legacy_unversioned_pyei_king99,selected_run_manifest
leg_1997_r1,H0B,20260826T152319Z__daad70d9f918,initial_fit_user_selected,1000,1000,4,1,0.99,14,1686074968,0.5,pymc,king99_beta_binomial_independent_beta_random_effects_v1,run_key_sha256_reconstructed_exact
leg_1997_r1,H0C,20260826T154353Z__d5801646029e,initial_fit_user_selected,1000,1000,4,1,0.99,14,66717774,0.5,pymc,king99_beta_binomial_independent_beta_random_effects_v1,run_key_sha256_reconstructed_exact
leg_1997_r1,H2,20260828T121435Z__c5b0f77cef57,initial_fit_user_selected,1000,1000,4,1,0.99,14,616487325,0.5,numpyro,king99_beta_binomial_independent_beta_random_effects_v1,run_key_sha256_reconstructed_exact
leg_1997_r1,H3,20260828T121951Z__1dd108c72dc4,initial_fit_user_selected,1000,1000,4,1,0.99,14,179851872,0.5,numpyro,king99_beta_binomial_independent_beta_random_effects_v1,run_key_sha256_reconstructed_exact
leg_1997_r1,H4,20260828T122551Z__7d9d27462105,initial_fit_user_selected,1000,1000,4,1,0.99,14,862939971,0.5,numpyro,king99_beta_binomial_independent_beta_random_effects_v1,run_key_sha256_reconstructed_exact
leg_1997_r1,H5,20260828T142643Z__07ce4b9402b9,initial_fit_user_selected,1000,1000,4,1,0.99,14,1681950211,0.5,numpyro,king99_beta_binomial_independent_beta_random_effects_v1,run_key_sha256_reconstructed_exact
leg_1997_r1,H6,20260825T144850Z__5d1f0a1afe66,initial_fit_user_selected,1000,1000,4,1,0.99,14,869347293,0.5,pymc,legacy_unversioned_pyei_king99,selected_run_manifest
leg_1997_r1,H7,20260825T161536Z__d4f30f9cbafa,initial_fit_user_selected,1000,1000,4,1,0.99,14,1922371133,0.5,pymc,legacy_unversioned_pyei_king99,selected_run_manifest
leg_2002_r1,H0B,20260826T160027Z__e2a6802aaf84,initial_fit_user_selected,1000,1000,4,1,0.99,14,289256006,0.5,pymc,king99_beta_binomial_independent_beta_random_effects_v1,run_key_sha256_reconstructed_exact
leg_2002_r1,H0C,20260826T161227Z__ebeaaf8e684a,initial_fit_user_selected,1000,1000,4,1,0.99,14,1961022110,0.5,pymc,king99_beta_binomial_independent_beta_random_effects_v1,run_key_sha256_reconstructed_exact
leg_2002_r1,H2,20260828T143715Z__8f94bca189f3,initial_fit_user_selected,1000,1000,4,1,0.99,14,326794616,0.5,numpyro,king99_beta_binomial_independent_beta_random_effects_v1,run_key_sha256_reconstructed_exact
leg_2002_r1,H3,20260828T144344Z__657fb9f1dceb,initial_fit_user_selected,1000,1000,4,1,0.99,14,1709441986,0.5,numpyro,king99_beta_binomial_independent_beta_random_effects_v1,run_key_sha256_reconstructed_exact
leg_2002_r1,H4,20260828T145056Z__27b5f536d030,initial_fit_user_selected,1000,1000,4,1,0.99,14,1077806213,0.5,numpyro,king99_beta_binomial_independent_beta_random_effects_v1,run_key_sha256_reconstructed_exact
leg_2002_r1,H5,20260828T145725Z__6905c720607b,initial_fit_user_selected,1000,1000,4,1,0.99,14,1138604923,0.5,numpyro,king99_beta_binomial_independent_beta_random_effects_v1,run_key_sha256_reconstructed_exact
leg_2002_r1,H6,20260825T171049Z__9c0e09a4f8d9,initial_fit_user_selected,1000,1000,4,1,0.99,14,858224093,0.5,pymc,legacy_unversioned_pyei_king99,selected_run_manifest
leg_2002_r1,H7,20260825T173136Z__5233da2d4dee,initial_fit_user_selected,1000,1000,4,1,0.99,14,26882303,0.5,pymc,legacy_unversioned_pyei_king99,selected_run_manifest
leg_2007_r1,H0B,20260827T000622Z__d79a664e1f8f,initial_fit_user_selected,1000,1000,4,1,0.99,14,51147498,0.5,pymc,king99_beta_binomial_independent_beta_random_effects_v1,run_key_sha256_reconstructed_exact
leg_2007_r1,H0C,20260827T001937Z__b94c6e596614,initial_fit_user_selected,1000,1000,4,1,0.99,14,1039684087,0.5,pymc,king99_beta_binomial_independent_beta_random_effects_v1,run_key_sha256_reconstructed_exact
leg_2007_r1,H2,20260828T150526Z__c5bcd43b7fb1,initial_fit_user_selected,1000,1000,4,1,0.99,14,1055746785,0.5,numpyro,king99_beta_binomial_independent_beta_random_effects_v1,run_key_sha256_reconstructed_exact
leg_2007_r1,H3,20260828T151432Z__e240775073c2,initial_fit_user_selected,1000,1000,4,1,0.99,14,936745388,0.5,numpyro,king99_beta_binomial_independent_beta_random_effects_v1,run_key_sha256_reconstructed_exact
leg_2007_r1,H4,20260828T152910Z__899da07921aa,initial_fit_user_selected,1000,1000,4,1,0.99,14,995015755,0.5,numpyro,king99_beta_binomial_independent_beta_random_effects_v1,run_key_sha256_reconstructed_exact
leg_2007_r1,H5,20260828T162543Z__5d7261634110,initial_fit_user_selected,1000,1000,4,1,0.99,14,715757343,0.5,numpyro,king99_beta_binomial_independent_beta_random_effects_v1,run_key_sha256_reconstructed_exact
leg_2007_r1,H6,20260825T200416Z__11688003d19a,initial_fit_user_selected,1000,1000,4,1,0.99,14,696457567,0.5,pymc,legacy_unversioned_pyei_king99,selected_run_manifest
leg_2007_r1,H7,20260825T203159Z__9690a7fdff27,initial_fit_user_selected,1000,1000,4,1,0.99,14,1702006521,0.5,pymc,legacy_unversioned_pyei_king99,selected_run_manifest
leg_2012_r1,H0B,20260827T013952Z__abba99607a47,initial_fit_user_selected,1000,1000,4,1,0.99,14,829656583,0.5,pymc,king99_beta_binomial_independent_beta_random_effects_v1,run_key_sha256_reconstructed_exact
leg_2012_r1,H0C,20260827T014656Z__c7eb9e3d6496,initial_fit_user_selected,1000,1000,4,1,0.99,14,1752897723,0.5,pymc,king99_beta_binomial_independent_beta_random_effects_v1,run_key_sha256_reconstructed_exact
leg_2012_r1,H2,20260828T163254Z__d78e3f172e9d,initial_fit_user_selected,1000,1000,4,1,0.99,14,1412099307,0.5,numpyro,king99_beta_binomial_independent_beta_random_effects_v1,run_key_sha256_reconstructed_exact
leg_2012_r1,H3,20260828T164057Z__d6d96887ed57,initial_fit_user_selected,1000,1000,4,1,0.99,14,115332717,0.5,numpyro,king99_beta_binomial_independent_beta_random_effects_v1,run_key_sha256_reconstructed_exact
leg_2012_r1,H4,20260828T165015Z__8ebce6768558,initial_fit_user_selected,1000,1000,4,1,0.99,14,588359126,0.5,numpyro,king99_beta_binomial_independent_beta_random_effects_v1,run_key_sha256_reconstructed_exact
leg_2012_r1,H5,20260828T165722Z__3077bd2892ff,initial_fit_user_selected,1000,1000,4,1,0.99,14,1279006155,0.5,numpyro,king99_beta_binomial_independent_beta_random_effects_v1,run_key_sha256_reconstructed_exact
leg_2012_r1,H6,20260825T212209Z__12245cb8116d,initial_fit_user_selected,1000,1000,4,1,0.99,14,528539828,0.5,pymc,legacy_unversioned_pyei_king99,selected_run_manifest
leg_2012_r1,H7,20260825T224633Z__ee250ec8c8d8,initial_fit_user_selected,1000,1000,4,1,0.99,14,1104958715,0.5,pymc,legacy_unversioned_pyei_king99,selected_run_manifest
leg_2017_r1,H0B,20260827T022626Z__bf4b8c1f1552,initial_fit_user_selected,1000,1000,4,1,0.99,14,2008448651,0.5,pymc,king99_beta_binomial_independent_beta_random_effects_v1,run_key_sha256_reconstructed_exact
leg_2017_r1,H0C,20260827T023615Z__452c4072c9d4,initial_fit_user_selected,1000,1000,4,1,0.99,14,232927131,0.5,pymc,king99_beta_binomial_independent_beta_random_effects_v1,run_key_sha256_reconstructed_exact
leg_2017_r1,H2,20260828T171744Z__95290b526f13,initial_fit_user_selected,1000,1000,4,1,0.99,14,311235805,0.5,numpyro,king99_beta_binomial_independent_beta_random_effects_v1,run_key_sha256_reconstructed_exact
leg_2017_r1,H3,20260828T172918Z__7b3ec7249552,initial_fit_user_selected,1000,1000,4,1,0.99,14,1355508019,0.5,numpyro,king99_beta_binomial_independent_beta_random_effects_v1,run_key_sha256_reconstructed_exact
leg_2017_r1,H4,20260828T174006Z__f7c18601bdab,initial_fit_user_selected,1000,1000,4,1,0.99,14,1979186255,0.5,numpyro,king99_beta_binomial_independent_beta_random_effects_v1,run_key_sha256_reconstructed_exact
leg_2017_r1,H5,20260828T174608Z__fecd91a3ff12,initial_fit_user_selected,1000,1000,4,1,0.99,14,1693001849,0.5,numpyro,king99_beta_binomial_independent_beta_random_effects_v1,run_key_sha256_reconstructed_exact
leg_2017_r1,H6,20260825T234632Z__457e98931984,initial_fit_user_selected,1000,1000,4,1,0.99,14,1232237502,0.5,pymc,legacy_unversioned_pyei_king99,selected_run_manifest
leg_2017_r1,H7,20260826T000709Z__0de4d4d4ebc1,initial_fit_user_selected,1000,1000,4,1,0.99,14,2024971529,0.5,pymc,legacy_unversioned_pyei_king99,selected_run_manifest
leg_2022_r1,H0B,20260825T041922Z__c4b35ed9b0eb,initial_fit_user_selected,1000,1000,4,1,0.99,14,1140614043,0.5,pymc,legacy_unversioned_pyei_king99,selected_run_manifest
leg_2022_r1,H0C,20260825T044239Z__59711fd6fd11,initial_fit_user_selected,1000,1000,4,1,0.99,14,1566196799,0.5,pymc,legacy_unversioned_pyei_king99,selected_run_manifest
leg_2022_r1,H2,20260822T231019Z__6eebfcd16d32,initial_fit_user_selected,1000,1000,4,1,0.99,14,1628225875,0.5,numpyro,legacy_unversioned_pyei_king99,selected_run_manifest
leg_2022_r1,H3,20260824T151000Z__c1a714991440,initial_fit_user_selected,1000,1000,4,1,0.99,14,1750853747,0.5,numpyro,legacy_unversioned_pyei_king99,run_key_sha256_reconstructed_exact
leg_2022_r1,H4,20260825T171037Z__b2f8fd60a9e9,initial_fit_user_selected,1000,1000,4,1,0.99,14,1940307206,0.5,pymc,legacy_unversioned_pyei_king99,selected_run_manifest
leg_2022_r1,H5,20260825T172210Z__b4f5ec3cfacd,initial_fit_user_selected,1000,1000,4,1,0.99,14,253755088,0.5,pymc,legacy_unversioned_pyei_king99,selected_run_manifest
leg_2022_r1,H6,20260825T033142Z__33eb36a70e85,initial_fit_user_selected,1000,1000,4,1,0.99,14,509995241,0.5,pymc,legacy_unversioned_pyei_king99,selected_run_manifest
leg_2022_r1,H7,20260825T035542Z__f94cf74ec388,initial_fit_user_selected,1000,1000,4,1,0.99,14,1559905008,0.5,pymc,legacy_unversioned_pyei_king99,selected_run_manifest
pre_1965_r1,H0B,20260826T014244Z__5072102eddfe,initial_fit_user_selected,1000,1000,4,1,0.99,14,262304431,0.5,pymc,king99_beta_binomial_independent_beta_random_effects_v1,selected_run_manifest
pre_1965_r1,H0C,20260826T020051Z__68234df25892,initial_fit_user_selected,1000,1000,4,1,0.99,14,1924418864,0.5,pymc,king99_beta_binomial_independent_beta_random_effects_v1,selected_run_manifest
pre_1965_r1,H2,20260828T175955Z__44275bfcd84d,initial_fit_user_selected,1000,1000,4,1,0.99,14,1662291627,0.5,numpyro,king99_beta_binomial_independent_beta_random_effects_v1,run_key_sha256_reconstructed_exact
pre_1965_r1,H3,20260828T181720Z__2eede0e74527,initial_fit_user_selected,1000,1000,4,1,0.99,14,1373911727,0.5,numpyro,king99_beta_binomial_independent_beta_random_effects_v1,run_key_sha256_reconstructed_exact
pre_1965_r1,H4,20260828T183043Z__bdc5392bb06a,initial_fit_user_selected,1000,1000,4,1,0.99,14,558351837,0.5,numpyro,king99_beta_binomial_independent_beta_random_effects_v1,run_key_sha256_reconstructed_exact
pre_1965_r1,H5,20260828T183612Z__016ed6f140ee,initial_fit_user_selected,1000,1000,4,1,0.99,14,1542180891,0.5,numpyro,king99_beta_binomial_independent_beta_random_effects_v1,run_key_sha256_reconstructed_exact
pre_1969_r1,H0B,20260826T085408Z__5d30cb5b629d,initial_fit_user_selected,1000,1000,4,1,0.99,14,2100798522,0.5,pymc,king99_beta_binomial_independent_beta_random_effects_v1,selected_run_manifest
pre_1969_r1,H0C,20260826T090550Z__70d565d4b785,initial_fit_user_selected,1000,1000,4,1,0.99,14,362942300,0.5,pymc,king99_beta_binomial_independent_beta_random_effects_v1,selected_run_manifest
pre_1969_r1,H2,20260828T184352Z__206bd106f71d,initial_fit_user_selected,1000,1000,4,1,0.99,14,1266993679,0.5,numpyro,king99_beta_binomial_independent_beta_random_effects_v1,run_key_sha256_reconstructed_exact
pre_1969_r1,H3,20260828T185325Z__148a44e2c304,initial_fit_user_selected,1000,1000,4,1,0.99,14,44736584,0.5,numpyro,king99_beta_binomial_independent_beta_random_effects_v1,run_key_sha256_reconstructed_exact
pre_1969_r1,H4,20260828T190103Z__c9103e81c02c,initial_fit_user_selected,1000,1000,4,1,0.99,14,307510870,0.5,numpyro,king99_beta_binomial_independent_beta_random_effects_v1,run_key_sha256_reconstructed_exact
pre_1969_r1,H5,20260828T190649Z__fdada2a8fbc5,initial_fit_user_selected,1000,1000,4,1,0.99,14,724842874,0.5,numpyro,king99_beta_binomial_independent_beta_random_effects_v1,run_key_sha256_reconstructed_exact
pre_1974_r1,H0B,20260826T093014Z__e6fd12060e5a,initial_fit_user_selected,1000,1000,4,1,0.99,14,529890707,0.5,pymc,king99_beta_binomial_independent_beta_random_effects_v1,selected_run_manifest
pre_1974_r1,H0C,20260826T093726Z__34739d26199f,initial_fit_user_selected,1000,1000,4,1,0.99,14,1184452407,0.5,pymc,king99_beta_binomial_independent_beta_random_effects_v1,selected_run_manifest
pre_1974_r1,H2,20260828T191246Z__072a443edd10,initial_fit_user_selected,1000,1000,4,1,0.99,14,2045229561,0.5,numpyro,king99_beta_binomial_independent_beta_random_effects_v1,run_key_sha256_reconstructed_exact
pre_1974_r1,H3,20260828T192332Z__f70f589ff161,initial_fit_user_selected,1000,1000,4,1,0.99,14,485116814,0.5,numpyro,king99_beta_binomial_independent_beta_random_effects_v1,run_key_sha256_reconstructed_exact
pre_1974_r1,H4,20260828T192924Z__c40804877b75,initial_fit_user_selected,1000,1000,4,1,0.99,14,1674900105,0.5,numpyro,king99_beta_binomial_independent_beta_random_effects_v1,run_key_sha256_reconstructed_exact
pre_1974_r1,H5,20260828T193326Z__4cfd772ce74e,initial_fit_user_selected,1000,1000,4,1,0.99,14,1515570653,0.5,numpyro,king99_beta_binomial_independent_beta_random_effects_v1,run_key_sha256_reconstructed_exact
pre_1981_r1,H0B,20260826T112749Z__90da657db345,initial_fit_user_selected,1000,1000,4,1,0.99,14,1634048699,0.5,pymc,king99_beta_binomial_independent_beta_random_effects_v1,selected_run_manifest
pre_1981_r1,H0C,20260826T113636Z__4bf34cfb2add,initial_fit_user_selected,1000,1000,4,1,0.99,14,1308925083,0.5,pymc,king99_beta_binomial_independent_beta_random_effects_v1,selected_run_manifest
pre_1981_r1,H2,20260828T193712Z__3897794697cd,initial_fit_user_selected,1000,1000,4,1,0.99,14,1992586108,0.5,numpyro,king99_beta_binomial_independent_beta_random_effects_v1,run_key_sha256_reconstructed_exact
pre_1981_r1,H3,20260828T195032Z__100e72e5d021,initial_fit_user_selected,1000,1000,4,1,0.99,14,1722605352,0.5,numpyro,king99_beta_binomial_independent_beta_random_effects_v1,run_key_sha256_reconstructed_exact
pre_1981_r1,H4,20260828T195956Z__5077579a0aea,initial_fit_user_selected,1000,1000,4,1,0.99,14,606134963,0.5,numpyro,king99_beta_binomial_independent_beta_random_effects_v1,run_key_sha256_reconstructed_exact
pre_1981_r1,H5,20260828T200635Z__41ac0999e38b,initial_fit_user_selected,1000,1000,4,1,0.99,14,732125531,0.5,numpyro,king99_beta_binomial_independent_beta_random_effects_v1,run_key_sha256_reconstructed_exact
pre_1988_r1,H0B,20260826T123133Z__310662df9967,initial_fit_user_selected,1000,1000,4,1,0.99,14,1951202548,0.5,pymc,king99_beta_binomial_independent_beta_random_effects_v1,selected_run_manifest
pre_1988_r1,H0C,20260826T124122Z__7fc0aa096047,initial_fit_user_selected,1000,1000,4,1,0.99,14,329485035,0.5,pymc,king99_beta_binomial_independent_beta_random_effects_v1,run_key_sha256_reconstructed_exact
pre_1988_r1,H2,20260828T201055Z__f12565b13e46,initial_fit_user_selected,1000,1000,4,1,0.99,14,179469842,0.5,numpyro,king99_beta_binomial_independent_beta_random_effects_v1,run_key_sha256_reconstructed_exact
pre_1988_r1,H3,20260828T201927Z__cc5730e43bde,initial_fit_user_selected,1000,1000,4,1,0.99,14,438226672,0.5,numpyro,king99_beta_binomial_independent_beta_random_effects_v1,run_key_sha256_reconstructed_exact
pre_1988_r1,H4,20260828T202706Z__db2091e5602a,initial_fit_user_selected,1000,1000,4,1,0.99,14,876326267,0.5,numpyro,king99_beta_binomial_independent_beta_random_effects_v1,run_key_sha256_reconstructed_exact
pre_1988_r1,H5,20260828T203146Z__5d64010dda91,initial_fit_user_selected,1000,1000,4,1,0.99,14,1269766,0.5,numpyro,king99_beta_binomial_independent_beta_random_effects_v1,run_key_sha256_reconstructed_exact
pre_1988_r1,H6,20260825T100137Z__0ce21ffd353c,initial_fit_user_selected,1000,1000,4,1,0.99,14,85712698,0.5,pymc,legacy_unversioned_pyei_king99,selected_run_manifest
pre_1988_r1,H7,20260825T102913Z__ab771cab33d7,initial_fit_user_selected,1000,1000,4,1,0.99,14,822559847,0.5,pymc,legacy_unversioned_pyei_king99,selected_run_manifest
pre_1995_r1,H0B,20260826T150327Z__7b78686e47c9,initial_fit_user_selected,1000,1000,4,1,0.99,14,1976194391,0.5,pymc,king99_beta_binomial_independent_beta_random_effects_v1,run_key_sha256_reconstructed_exact
pre_1995_r1,H0C,20260826T151246Z__e0d75585ab09,initial_fit_user_selected,1000,1000,4,1,0.99,14,665643238,0.5,pymc,king99_beta_binomial_independent_beta_random_effects_v1,run_key_sha256_reconstructed_exact
pre_1995_r1,H2,20260828T203734Z__74562e9f052b,initial_fit_user_selected,1000,1000,4,1,0.99,14,237313839,0.5,numpyro,king99_beta_binomial_independent_beta_random_effects_v1,run_key_sha256_reconstructed_exact
pre_1995_r1,H3,20260828T204815Z__4506c6331257,initial_fit_user_selected,1000,1000,4,1,0.99,14,1971393680,0.5,numpyro,king99_beta_binomial_independent_beta_random_effects_v1,run_key_sha256_reconstructed_exact
pre_1995_r1,H4,20260828T205644Z__635fa021d95a,initial_fit_user_selected,1000,1000,4,1,0.99,14,1058236544,0.5,numpyro,king99_beta_binomial_independent_beta_random_effects_v1,run_key_sha256_reconstructed_exact
pre_1995_r1,H5,20260828T211658Z__399aa2222444,initial_fit_user_selected,1000,1000,4,1,0.99,14,1608193286,0.5,numpyro,king99_beta_binomial_independent_beta_random_effects_v1,run_key_sha256_reconstructed_exact
pre_1995_r1,H6,20260825T135114Z__aff22a4786e8,initial_fit_user_selected,1000,1000,4,1,0.99,14,100679874,0.5,pymc,legacy_unversioned_pyei_king99,selected_run_manifest
pre_1995_r1,H7,20260825T141748Z__d7ce13abcb08,initial_fit_user_selected,1000,1000,4,1,0.99,14,57195844,0.5,pymc,legacy_unversioned_pyei_king99,selected_run_manifest
pre_2002_r1,H0B,20260826T163212Z__fa45fde7fa7e,initial_fit_user_selected,1000,1000,4,1,0.99,14,1166839104,0.5,pymc,king99_beta_binomial_independent_beta_random_effects_v1,run_key_sha256_reconstructed_exact
pre_2002_r1,H0C,20260826T163904Z__08e4987c1e26,initial_fit_user_selected,1000,1000,4,1,0.99,14,412775906,0.5,pymc,king99_beta_binomial_independent_beta_random_effects_v1,run_key_sha256_reconstructed_exact
pre_2002_r1,H2,20260828T213053Z__98bf3514296a,initial_fit_user_selected,1000,1000,4,1,0.99,14,1242141809,0.5,numpyro,king99_beta_binomial_independent_beta_random_effects_v1,run_key_sha256_reconstructed_exact
pre_2002_r1,H3,20260828T213951Z__7985b63da239,initial_fit_user_selected,1000,1000,4,1,0.99,14,2078909403,0.5,numpyro,king99_beta_binomial_independent_beta_random_effects_v1,run_key_sha256_reconstructed_exact
pre_2002_r1,H4,20260828T215313Z__53f1c0386081,initial_fit_user_selected,1000,1000,4,1,0.99,14,1407496420,0.5,numpyro,king99_beta_binomial_independent_beta_random_effects_v1,run_key_sha256_reconstructed_exact
pre_2002_r1,H5,20260828T215942Z__fd4fcebac65a,initial_fit_user_selected,1000,1000,4,1,0.99,14,1318913504,0.5,numpyro,king99_beta_binomial_independent_beta_random_effects_v1,run_key_sha256_reconstructed_exact
pre_2002_r1,H6,20260825T174856Z__ecbf2ed1e060,initial_fit_user_selected,1000,1000,4,1,0.99,14,190877712,0.5,pymc,legacy_unversioned_pyei_king99,selected_run_manifest
pre_2002_r1,H7,20260825T193812Z__66da3a25f7cc,initial_fit_user_selected,1000,1000,4,1,0.99,14,933416825,0.5,pymc,legacy_unversioned_pyei_king99,selected_run_manifest
pre_2007_r1,H0B,20260827T004645Z__a615b9a9f0bd,initial_fit_user_selected,1000,1000,4,1,0.99,14,2014501526,0.5,pymc,king99_beta_binomial_independent_beta_random_effects_v1,run_key_sha256_reconstructed_exact
pre_2007_r1,H0C,20260827T005546Z__4e11c1ca0442,initial_fit_user_selected,1000,1000,4,1,0.99,14,669015297,0.5,pymc,king99_beta_binomial_independent_beta_random_effects_v1,run_key_sha256_reconstructed_exact
pre_2007_r1,H2,20260828T220509Z__971a17ae3cd2,initial_fit_user_selected,1000,1000,4,1,0.99,14,419197697,0.5,numpyro,king99_beta_binomial_independent_beta_random_effects_v1,run_key_sha256_reconstructed_exact
pre_2007_r1,H3,20260828T221728Z__54d8c7daed35,initial_fit_user_selected,1000,1000,4,1,0.99,14,1213199190,0.5,numpyro,king99_beta_binomial_independent_beta_random_effects_v1,run_key_sha256_reconstructed_exact
pre_2007_r1,H4,20260828T222930Z__8d9341eaaab2,initial_fit_user_selected,1000,1000,4,1,0.99,14,1387523199,0.5,numpyro,king99_beta_binomial_independent_beta_random_effects_v1,run_key_sha256_reconstructed_exact
pre_2007_r1,H5,20260828T223817Z__b998683690fb,initial_fit_user_selected,1000,1000,4,1,0.99,14,1063750344,0.5,numpyro,king99_beta_binomial_independent_beta_random_effects_v1,run_key_sha256_reconstructed_exact
pre_2007_r1,H6,20260825T205154Z__0fd77925c221,initial_fit_user_selected,1000,1000,4,1,0.99,14,368037054,0.5,pymc,legacy_unversioned_pyei_king99,selected_run_manifest
pre_2007_r1,H7,20260825T210630Z__0d154931af2e,initial_fit_user_selected,1000,1000,4,1,0.99,14,263813743,0.5,pymc,legacy_unversioned_pyei_king99,selected_run_manifest
pre_2012_r1,H0B,20260827T015924Z__4a97233880d3,initial_fit_user_selected,1000,1000,4,1,0.99,14,357295948,0.5,pymc,king99_beta_binomial_independent_beta_random_effects_v1,run_key_sha256_reconstructed_exact
pre_2012_r1,H0C,20260827T021333Z__2263f3ecea9a,initial_fit_user_selected,1000,1000,4,1,0.99,14,1055223258,0.5,pymc,king99_beta_binomial_independent_beta_random_effects_v1,run_key_sha256_reconstructed_exact
pre_2012_r1,H2,20260828T230325Z__e96460c93d40,initial_fit_user_selected,1000,1000,4,1,0.99,14,771010602,0.5,numpyro,king99_beta_binomial_independent_beta_random_effects_v1,run_key_sha256_reconstructed_exact
pre_2012_r1,H3,20260828T231448Z__133b490a59a8,initial_fit_user_selected,1000,1000,4,1,0.99,14,1676110140,0.5,numpyro,king99_beta_binomial_independent_beta_random_effects_v1,run_key_sha256_reconstructed_exact
pre_2012_r1,H4,20260828T232119Z__b650dba30542,initial_fit_user_selected,1000,1000,4,1,0.99,14,106636824,0.5,numpyro,king99_beta_binomial_independent_beta_random_effects_v1,run_key_sha256_reconstructed_exact
pre_2012_r1,H5,20260828T232715Z__831ffe9c2da3,initial_fit_user_selected,1000,1000,4,1,0.99,14,519001006,0.5,numpyro,king99_beta_binomial_independent_beta_random_effects_v1,run_key_sha256_reconstructed_exact
pre_2012_r1,H6,20260825T230816Z__812fc8a2c857,initial_fit_user_selected,1000,1000,4,1,0.99,14,1321156700,0.5,pymc,legacy_unversioned_pyei_king99,selected_run_manifest
pre_2012_r1,H7,20260825T232645Z__d8c0d2297246,initial_fit_user_selected,1000,1000,4,1,0.99,14,1302312935,0.5,pymc,legacy_unversioned_pyei_king99,selected_run_manifest
pre_2017_r1,H0B,20260827T025013Z__2e028c560a76,initial_fit_user_selected,1000,1000,4,1,0.99,14,1811168651,0.5,pymc,king99_beta_binomial_independent_beta_random_effects_v1,run_key_sha256_reconstructed_exact
pre_2017_r1,H0C,20260827T025804Z__37dd06ffaf1e,initial_fit_user_selected,1000,1000,4,1,0.99,14,1993237024,0.5,pymc,king99_beta_binomial_independent_beta_random_effects_v1,run_key_sha256_reconstructed_exact
pre_2017_r1,H2,20260828T233319Z__f635809969be,initial_fit_user_selected,1000,1000,4,1,0.99,14,579069429,0.5,numpyro,king99_beta_binomial_independent_beta_random_effects_v1,run_key_sha256_reconstructed_exact
pre_2017_r1,H3,20260828T233948Z__ed8ab26a42cc,initial_fit_user_selected,1000,1000,4,1,0.99,14,1764475955,0.5,numpyro,king99_beta_binomial_independent_beta_random_effects_v1,run_key_sha256_reconstructed_exact
pre_2017_r1,H4,20260828T234617Z__e0c044a2df80,initial_fit_user_selected,1000,1000,4,1,0.99,14,2032267874,0.5,numpyro,king99_beta_binomial_independent_beta_random_effects_v1,run_key_sha256_reconstructed_exact
pre_2017_r1,H5,20260828T235014Z__e1b8eff48236,initial_fit_user_selected,1000,1000,4,1,0.99,14,593040780,0.5,numpyro,king99_beta_binomial_independent_beta_random_effects_v1,run_key_sha256_reconstructed_exact
pre_2017_r1,H6,20260826T002711Z__afc632f6ab3c,initial_fit_user_selected,1000,1000,4,1,0.99,14,1290529206,0.5,pymc,legacy_unversioned_pyei_king99,selected_run_manifest
pre_2017_r1,H7,20260826T004811Z__8aa4cb0c9863,initial_fit_user_selected,1000,1000,4,1,0.99,14,333364985,0.5,pymc,legacy_unversioned_pyei_king99,selected_run_manifest
pre_2022_r1,H0B,20260827T030745Z__39319b3aec3c,initial_fit_user_selected,1000,1000,4,1,0.99,14,1309615653,0.5,pymc,king99_beta_binomial_independent_beta_random_effects_v1,run_key_sha256_reconstructed_exact
pre_2022_r1,H0C,20260827T031533Z__5cefafc0e29f,initial_fit_user_selected,1000,1000,4,1,0.99,14,1339403309,0.5,pymc,king99_beta_binomial_independent_beta_random_effects_v1,run_key_sha256_reconstructed_exact
pre_2022_r1,H2,20260828T235355Z__fce012d1d0da,initial_fit_user_selected,1000,1000,4,1,0.99,14,690128827,0.5,numpyro,king99_beta_binomial_independent_beta_random_effects_v1,run_key_sha256_reconstructed_exact
pre_2022_r1,H3,20260828T235806Z__f3e3dad8e1ea,initial_fit_user_selected,1000,1000,4,1,0.99,14,1584986915,0.5,numpyro,king99_beta_binomial_independent_beta_random_effects_v1,run_key_sha256_reconstructed_exact
pre_2022_r1,H4,20260829T000645Z__c9709b812d43,initial_fit_user_selected,1000,1000,4,1,0.99,14,1254126625,0.5,numpyro,king99_beta_binomial_independent_beta_random_effects_v1,run_key_sha256_reconstructed_exact
pre_2022_r1,H5,20260829T001158Z__384654930638,initial_fit_user_selected,1000,1000,4,1,0.99,14,1971849983,0.5,numpyro,king99_beta_binomial_independent_beta_random_effects_v1,run_key_sha256_reconstructed_exact
pre_2022_r1,H6,20260826T010710Z__4d0bdab59bdf,initial_fit_user_selected,1000,1000,4,1,0.99,14,1700892056,0.5,pymc,legacy_unversioned_pyei_king99,selected_run_manifest
pre_2022_r1,H7,20260826T012314Z__0a49bee032bb,initial_fit_user_selected,1000,1000,4,1,0.99,14,1689692984,0.5,pymc,legacy_unversioned_pyei_king99,selected_run_manifest
